{
    "koi_fpflag_nt": 0,
    "koi_fpflag_ss": 0,
    "koi_fpflag_co": 0,
    "koi_fpflag_ec": 0,
    "koi_period": 51.79723652452351,
    "koi_period_err1": 0.0018156768107655836,
    "koi_period_err2": -0.0018156768107655836,
    "koi_time0": 2454995.355397229,
    "koi_time0_err1": 0.008268044275554316,
    "koi_time0_err2": -0.008268044275554316,
    "koi_impact": 0.758227824527521,
    "koi_impact_err1": 2.062761706874913,
    "koi_impact_err2": -0.3258914377353228,
    "koi_duration": 5.725595592114027,
    "koi_duration_err1": 0.29226790126900015,
    "koi_duration_err2": -0.29226790126900015,
    "koi_depth": 29835.30750448337,
    "koi_depth_err1": 144.05105285176404,
    "koi_depth_err2": -144.05105285176404,
    "koi_ror": 0.2960782041660918,
    "koi_ror_err1": 1.894711562698303,
    "koi_ror_err2": -0.10537693806042213,
    "koi_prad": 105.23522554835152,
    "koi_prad_err1": 16.22550282797627,
    "koi_prad_err2": -34.750082770037245,
    "koi_incl": 81.16573123620309,
    "koi_teq": 1157.7679679955856,
    "koi_insol": 9489.655241492865,
    "koi_insol_err1": 4524.006914105379,
    "koi_insol_err2": -4964.715617453348,
    "koi_dor": 54.65379116126363,
    "koi_dor_err1": 15.674460472319064,
    "koi_dor_err2": -15.674460472319064,
    "koi_ldm_coeff2": 0.254902193405987,
    "koi_ldm_coeff1": 0.4063153676369154,
    "koi_model_snr": 321.5523520485584,
    "koi_tce_plnt_num": 1.2176983797257996,
    "koi_steff": 5718.876672644503,
    "koi_steff_err1": 145.31146853146853,
    "koi_steff_err2": -163.48675543097409,
    "koi_slogg": 4.309917092012691,
    "koi_slogg_err1": 0.12152251748251748,
    "koi_slogg_err2": -0.14052405594405595,
    "koi_srad": 1.759489998620499,
    "koi_srad_err1": 0.3622251748251748,
    "koi_srad_err2": -0.41144937062937065,
    "koi_smass": 1.0240314526141536,
    "koi_smass_err1": 0.12186433566433567,
    "koi_smass_err2": -0.13892601398601398,
    "ra": 292.1446225283069,
    "dec": 43.72732230011989,
    "koi_kepmag": 14.24870476951772
}